{
    "Lux: Illuminated": [
        {
            "timestamp": "2024-06-10T20:54:33.691628",
            "duration": 85.49205160140991,
            "game_id": 12,
            "DrewChampionTurnOne": false
        }
    ]
}