{
  "Samira": [
    {
      "timestamp": "2024-11-03T20:53:10.408496",
      "duration": 29.946203231811523,
      "game_id": 14
    }
  ]
}
